{"cameraMode":{"drawMode":0,"name":"Shaded","section":"Shading Mode"},"sceneLighting":true,"audioPlay":false,"sceneViewState":{"m_AlwaysRefresh":false,"showFog":true,"showSkybox":true,"showFlares":true,"showImageEffects":true,"showParticleSystems":true,"showVisualEffectGraphs":true,"m_FxEnabled":true},"in2DMode":false,"pivot":{"x":4.322033882141113,"y":-0.8013598918914795,"z":1.7080918550491334},"rotation":{"x":0.10968133807182312,"y":0.7009942531585693,"z":-0.11047334969043732,"w":0.6959692239761353},"size":8.071409225463868,"orthographic":false}